video_idx,occlusion_accuracy,pts_within_1,jaccard_1,pts_within_2,jaccard_2,pts_within_4,jaccard_4,pts_within_8,jaccard_8,pts_within_16,jaccard_16,average_jaccard,average_pts_within_thresh
0,1.0,0.08177278401997504,0.04262935242434104,0.29563046192259673,0.1734544389100498,0.6696629213483146,0.5033783783783784,0.9484394506866417,0.9019351774902054,0.9997503121098626,0.9995007488766849,0.5241796192159318,0.5990511860174782
1,0.6376126126126126,0.16007393715341958,0.0661978290781226,0.38853974121996304,0.1772451046590142,0.6820702402957486,0.3579982474929413,0.8695009242144177,0.5038274932614555,0.9487985212569316,0.5744440681792528,0.3359425485341572,0.609796672828096
10,0.701486013986014,0.111819863494291,0.0481183607367352,0.3519806085347962,0.1689218147309129,0.6995598647700453,0.40294668773193226,0.8802704599094214,0.5659448818897638,0.921413535753014,0.6084923543535954,0.3588848198885879,0.5930088664923137
11,0.7211735095170678,0.09312977099236641,0.04080949191464932,0.261504907306434,0.12376672348778346,0.587350054525627,0.32741472939166516,0.8159214830970556,0.5198407153835406,0.920392584514722,0.6277590722035167,0.327918146476231,0.535659760087241
