video_idx,occlusion_accuracy,pts_within_1,jaccard_1,pts_within_2,jaccard_2,pts_within_4,jaccard_4,pts_within_8,jaccard_8,pts_within_16,jaccard_16,average_jaccard,average_pts_within_thresh
0,1.0,0.07952559300873907,0.04140934798153806,0.2900124843945069,0.16959918230269402,0.6566791510611736,0.4888475836431227,0.9421972534332085,0.890711672371061,0.998876404494382,0.9977553310886644,0.517664623477416,0.593458177278402
1,0.6701576576576577,0.15841035120147876,0.06679657053780202,0.3833641404805915,0.17849147580506286,0.6879852125693161,0.37240549483605734,0.8707948243992606,0.5207777777777778,0.9410351201478743,0.5874507074924612,0.34518440528983224,0.6083179297597042
10,0.7781905594405595,0.12476876953498756,0.05675322791237487,0.3579128659820119,0.18207782934666192,0.7031319767812719,0.4338411873548286,0.8871595330739299,0.6175608456208919,0.9292594246348154,0.6664073938506588,0.3913280968170832,0.6004465140014034
11,0.7460280006292276,0.09836423118865867,0.04434829637641969,0.27557251908396946,0.1346081940067304,0.6091603053435114,0.3514665648660686,0.8293347873500545,0.5468249344596563,0.9346782988004362,0.6586756208027487,0.3471847221023247,0.549422028353326
