video_idx,occlusion_accuracy,pts_within_1,jaccard_1,pts_within_2,jaccard_2,pts_within_4,jaccard_4,pts_within_8,jaccard_8,pts_within_16,jaccard_16,average_jaccard,average_pts_within_thresh
0,1.0,0.07790262172284644,0.04053000779423227,0.281772784019975,0.16399040906779044,0.6458177278401998,0.4769060569742786,0.9443196004993758,0.8945127719962157,0.9987515605493134,0.9975062344139651,0.5146890960492965,0.5897128589263421
1,0.6434684684684685,0.166728280961183,0.06903413439461197,0.39815157116451017,0.18232605383443373,0.6842883548983364,0.36034281262173745,0.8696857670979667,0.507283910650696,0.9430683918669132,0.5745688197497464,0.3387111462502451,0.6123844731977819
10,0.7631555944055944,0.11902787523123047,0.05347164512708829,0.3551062065446195,0.1784523656879087,0.7093831728009186,0.43364660921109077,0.8893921030809466,0.6109285307392314,0.9300248772086496,0.6571853588171656,0.3867369019164969,0.6005868469732729
11,0.7315557652980966,0.09465648854961832,0.04176088525378879,0.2678298800436205,0.12793665676928687,0.6047982551799346,0.34207264162637907,0.8276990185387132,0.5357826796226682,0.9309705561613959,0.6446149172109981,0.3384335560966242,0.5451908396946565
