video_idx,occlusion_accuracy,pts_within_1,jaccard_1,pts_within_2,jaccard_2,pts_within_4,jaccard_4,pts_within_8,jaccard_8,pts_within_16,jaccard_16,average_jaccard,average_pts_within_thresh
0,1.0,0.07652933832709113,0.03978710975530603,0.28314606741573034,0.1649214659685864,0.6508114856429463,0.48237253631905247,0.9423220973782771,0.8909348441926346,0.9986267166042447,0.9972571998503927,0.5150546312171944,0.5902871410736579
1,0.618018018018018,0.16025878003696858,0.06527139953323798,0.3787430683918669,0.1691316202594398,0.6724584103512015,0.3432694133282704,0.8624768946395563,0.48743824240512984,0.9423290203327171,0.5578553341407024,0.32459320193335606,0.6032532347504621
10,0.6878496503496504,0.10977865663073293,0.04679809653297077,0.3397971550679339,0.16060176670987972,0.6838680870064425,0.385994599459946,0.8756777444664158,0.5542635658914729,0.9202015691777764,0.5993352721229747,0.34939866014344884,0.5858646424698604
11,0.719993707723769,0.09269356597600872,0.040495474035254886,0.2617230098146129,0.12339900210894501,0.5805888767720829,0.3210742801838858,0.7972737186477644,0.500618386697815,0.9121046892039258,0.6176579512628694,0.320649018857754,0.528876772082879
