video_idx,occlusion_accuracy,pts_within_1,jaccard_1,pts_within_2,jaccard_2,pts_within_4,jaccard_4,pts_within_8,jaccard_8,pts_within_16,jaccard_16,average_jaccard,average_pts_within_thresh
0,1.0,0.07865168539325842,0.04093567251461988,0.282521847690387,0.16449807370793051,0.6459425717852684,0.47704222754932696,0.9421972534332085,0.890711672371061,0.9987515605493134,0.9975062344139651,0.5141387761113807,0.589612983770287
1,0.6342342342342342,0.16303142329020331,0.06688937817933338,0.39316081330868763,0.17826597350327017,0.6785582255083179,0.3532357473035439,0.8582255083179298,0.4926704907584449,0.9308687615526802,0.557698703026272,0.32975205855417283,0.6047689463955638
10,0.7815559440559441,0.12177074695413663,0.05544744256295565,0.36135740256426613,0.1846901183451244,0.7123174076672832,0.4435881137772128,0.8919436116603942,0.6254249418500626,0.9289404860623843,0.6687178545187362,0.39557369421081834,0.6032659309816929
11,0.7389491898694353,0.09193020719738278,0.041178194607268466,0.2649945474372955,0.12837480148226574,0.5984732824427481,0.343015562976498,0.8267175572519084,0.5425531914893617,0.9308615049073065,0.65053430385628,0.3411312108823347,0.5425954198473282
