video_idx,occlusion_accuracy,pts_within_1,jaccard_1,pts_within_2,jaccard_2,pts_within_4,jaccard_4,pts_within_8,jaccard_8,pts_within_16,jaccard_16,average_jaccard,average_pts_within_thresh
0,1.0,0.07865168539325842,0.04093567251461988,0.2866416978776529,0.16729816380064122,0.6540574282147316,0.48594750023188943,0.9478152309612984,0.9008068343616517,0.998501872659176,0.9970082273747195,0.5183992796567043,0.5931335830212234
1,0.6388513513513514,0.16580406654343807,0.0683689024390244,0.3977818853974122,0.18137378845343446,0.6848428835489834,0.35902656583284853,0.8593345656192236,0.4954656993491945,0.9304990757855822,0.5595238095238095,0.33275175311966226,0.607652495378928
10,0.7795891608391609,0.1206863558078714,0.054854889681366155,0.35746635198060855,0.1820721920790149,0.7068954519359572,0.4380064029089759,0.8863940805000957,0.6179570418464001,0.927473368629202,0.6656594790092936,0.39171000110501014,0.599783121770747
11,0.7373761208117037,0.0935659760087241,0.04166056880823455,0.2644492911668484,0.12752138557397824,0.6047982551799346,0.3449861426051902,0.8166848418756816,0.5284896206156049,0.9257360959651036,0.6440560517400677,0.3373427538686151,0.5410468920392584
