video_idx,occlusion_accuracy,pts_within_1,jaccard_1,pts_within_2,jaccard_2,pts_within_4,jaccard_4,pts_within_8,jaccard_8,pts_within_16,jaccard_16,average_jaccard,average_pts_within_thresh
0,1.0,0.07865168539325842,0.04093567251461988,0.29612983770287143,0.17379835873388041,0.6584269662921348,0.490787269681742,0.9449438202247191,0.8956336528221512,0.9983770287141074,0.9967593169637293,0.5195828541432246,0.5953058676654182
1,0.6318693693693693,0.15951940850277263,0.06523877998940437,0.38853974121996304,0.17536534446764093,0.6905730129390019,0.3608237455283767,0.867097966728281,0.4987754232776062,0.9430683918669132,0.5673719376391982,0.3335150461804453,0.6097597042513863
10,0.7629807692307692,0.12349301524526377,0.05558586235608257,0.3617401288511833,0.1823824532064064,0.7075971167953052,0.43193768257059395,0.8909230082286151,0.6124292794175694,0.9326401735025834,0.660044249785524,0.38847590546723526,0.6032786885245902
11,0.7236117665565518,0.09803707742639041,0.04299172684233179,0.27350054525627043,0.12993472179048804,0.6030534351145038,0.33910480751519617,0.8318429661941112,0.5360236636382844,0.9318429661941112,0.6420719771118807,0.3380253793796363,0.5476553980370774
