video_idx,occlusion_accuracy,pts_within_1,jaccard_1,pts_within_2,jaccard_2,pts_within_4,jaccard_4,pts_within_8,jaccard_8,pts_within_16,jaccard_16,average_jaccard,average_pts_within_thresh
0,1.0,0.07902621722846442,0.04113862351335543,0.28714107365792757,0.16763848396501457,0.6591760299625468,0.49162011173184356,0.9451935081148565,0.8960823766126169,0.998876404494382,0.9977553310886644,0.518846985382299,0.5938826466916355
1,0.6367117117117117,0.1622920517560074,0.06693093459368807,0.3939001848428835,0.1793056959892147,0.6874306839186691,0.3600233213487513,0.877634011090573,0.5093281570149898,0.9487985212569316,0.5747074707470747,0.3380591159387437,0.614011090573013
10,0.7643356643356644,0.12629967468265613,0.05697185935431893,0.3708617720227084,0.18803363518758084,0.7174842125406646,0.44134034371811975,0.8902213433692671,0.6126964614979366,0.9288766983478982,0.6567743099404655,0.3911633219396843,0.6067487401926389
11,0.7239263803680982,0.09836423118865867,0.043478260869565216,0.27251908396946567,0.13037114479874543,0.604143947655398,0.34077380952380953,0.8166848418756816,0.5232459847844463,0.9294438386041439,0.6402943184404157,0.3356327036833965,0.5442311886586696
