video_idx,occlusion_accuracy,pts_within_1,jaccard_1,pts_within_2,jaccard_2,pts_within_4,jaccard_4,pts_within_8,jaccard_8,pts_within_16,jaccard_16,average_jaccard,average_pts_within_thresh
0,0.9995006242197253,0.08227215980024968,0.04291202708862408,0.2895131086142322,0.16913643331630046,0.6591760299625468,0.4912476722532588,0.9484394506866417,0.9014602873085599,0.9986267166042447,0.9967585089141004,0.5203029857761687,0.595605493133583
1,0.6667792792792793,0.16709796672828095,0.07026309626044187,0.40388170055452866,0.18836685159500693,0.7027726432532347,0.3807029912377883,0.8916820702402958,0.5377453729669097,0.9589648798521256,0.6032043035902234,0.3560565231300741,0.6248798521256932
