video_idx,occlusion_accuracy,pts_within_1,jaccard_1,pts_within_2,jaccard_2,pts_within_4,jaccard_4,pts_within_8,jaccard_8,pts_within_16,jaccard_16,average_jaccard,average_pts_within_thresh
0,1.0,0.07927590511860175,0.04127396815079623,0.2923845193508115,0.17122386313788565,0.6634207240948814,0.49635718288810016,0.9468164794007491,0.89900426742532,0.998876404494382,0.9977553310886644,0.5211229225381533,0.5961548064918851
1,0.6404279279279279,0.16635859519408502,0.06861547855289268,0.3968576709796673,0.18092105263157895,0.6929759704251386,0.3652852267186738,0.8652495378927911,0.5016087516087516,0.9412199630314233,0.5704991587212563,0.33738593364663066,0.6125323475046212
10,0.7746503496503496,0.12272756267142948,0.0556455344747802,0.3640364865726861,0.1852958368513347,0.7096383236588633,0.4383669609079445,0.8917522485169357,0.620637598792292,0.9313644192128596,0.6665905666407926,0.3933072995334288,0.6039038081265549
11,0.7332861412616014,0.09596510359869138,0.04278621495327103,0.2677208287895311,0.1290118577075099,0.6014176663031625,0.34220913476599213,0.8278080697928026,0.5384560143626571,0.9260632497273719,0.6411061743526888,0.33871387922842383,0.5437949836423119
