video_idx,occlusion_accuracy,pts_within_1,jaccard_1,pts_within_2,jaccard_2,pts_within_4,jaccard_4,pts_within_8,jaccard_8,pts_within_16,jaccard_16,average_jaccard,average_pts_within_thresh
0,1.0,0.07415730337078652,0.038506417736289385,0.28214731585518105,0.16424418604651161,0.649063670411985,0.4804546714721375,0.9439450686641698,0.8938408795365882,0.9986267166042447,0.9972571998503927,0.5148606709283838,0.5895880149812733
1,0.6677927927927928,0.16062846580406653,0.06753812636165578,0.3835489833641405,0.17808689678859693,0.6737523105360443,0.3609760936415038,0.8573012939001848,0.5088529638183218,0.9360443622920518,0.5810094491818392,0.3392927059583835,0.6022550831792975
10,0.7051136363636363,0.11481788607514193,0.04958541087022396,0.3422848759328953,0.1639224072094089,0.6896089813101997,0.396152436790033,0.8717866938827582,0.5593435376933781,0.9127384065828922,0.6014206455951581,0.3540848876316404,0.5862473687567775
11,0.7207015887997483,0.09967284623773173,0.04360062968086629,0.2749182115594329,0.13024385203554453,0.6094874591057797,0.34288871155852924,0.8293347873500545,0.5323247180780276,0.919629225736096,0.6266636924678415,0.33514432076416184,0.546608505997819
