video_idx,occlusion_accuracy,pts_within_1,jaccard_1,pts_within_2,jaccard_2,pts_within_4,jaccard_4,pts_within_8,jaccard_8,pts_within_16,jaccard_16,average_jaccard,average_pts_within_thresh
0,1.0,0.07852684144818976,0.04086803976349815,0.2926342072409488,0.1713951447791752,0.6586766541822722,0.49106478034251677,0.9493133583021224,0.9035171102661597,0.9990012484394507,0.9980044898977302,0.520969913009816,0.5956304619225967
1,0.6362612612612613,0.1624768946395564,0.06685935954970716,0.4014787430683919,0.18322928969124347,0.6914972273567468,0.36320342112936144,0.8709796672828096,0.5047741658620319,0.9393715341959334,0.5668007149240393,0.3369733902312767,0.6131608133086877
10,0.7244755244755244,0.11870893665879952,0.05199340653200346,0.35670089940677424,0.17441207660158442,0.70651272564904,0.41673564602302654,0.8909867959431014,0.5897154437220299,0.9305351789245392,0.6323752546928513,0.37304636551429915,0.6006889073164509
11,0.7328142205442819,0.09400218102508179,0.04171304137430438,0.26510359869138495,0.1272451170340891,0.5973827699018539,0.3384108430738622,0.8138495092693566,0.525763696931037,0.92453653217012,0.6402773544651021,0.334682010575679,0.5389749182115594
