video_idx,occlusion_accuracy,pts_within_1,jaccard_1,pts_within_2,jaccard_2,pts_within_4,jaccard_4,pts_within_8,jaccard_8,pts_within_16,jaccard_16,average_jaccard,average_pts_within_thresh
0,1.0,0.07041198501872659,0.036490683229813664,0.2745318352059925,0.15910570870414587,0.6464419475655431,0.47758716104039844,0.9423220973782771,0.8909348441926346,0.9993757802746567,0.9987523393636931,0.5125741473061372,0.5866167290886393
1,0.6280405405405406,0.15693160813308688,0.06424031476997578,0.38798521256931606,0.1751190575653772,0.6859519408502772,0.35618551730787773,0.8765249537892791,0.5047608858457259,0.9497227356746766,0.5706309324399776,0.3341873415857869,0.6114232902033272
10,0.6962412587412588,0.11539197550551764,0.04957386752897975,0.3514065191044205,0.1680034155713458,0.6980289596223768,0.40000731074313706,0.8825668176309243,0.565565729234794,0.9216686866109587,0.6058026917110394,0.35779060295785914,0.5938125916948396
11,0.7196790939122227,0.09640130861504907,0.04213496580419915,0.26052344601962923,0.12284860352468309,0.5902944383860415,0.32930697901415323,0.8001090512540894,0.5048342541436464,0.9088331515812432,0.6151508413016085,0.3228551287576581,0.5312322791712105
